{"stats":{"minecraft:mined":{"minecraft:dandelion":1,"minecraft:grass":28,"minecraft:poppy":1,"minecraft:tall_grass":4},"minecraft:used":{"minecraft:creeper_spawn_egg":2,"securitycraft:reinforced_jungle_log":97,"minecraft:cow_spawn_egg":2,"undead:hell_waste_spawn_egg":1,"minecraft:grass_block":1,"securitycraft:keypad_chest":1,"securitycraft:reinforced_birch_log":3,"securitycraft:block_pocket_manager":1,"mutantbeasts:mutant_zombie_spawn_egg":1,"minecraft:wooden_sword":110,"zawa:spruce_wall_forage":1,"undead:themoonflower_spawn_egg":1,"alexsmobs:animal_dictionary":1,"minecraft:dandelion":1},"minecraft:custom":{"minecraft:time_since_rest":30767,"minecraft:sprint_one_cm":50539,"minecraft:damage_taken":60,"minecraft:walk_one_cm":25094,"minecraft:mob_kills":18,"minecraft:drop":1,"minecraft:damage_dealt":3760,"minecraft:fly_one_cm":215511,"minecraft:crouch_one_cm":127,"minecraft:play_one_minute":30767,"minecraft:sneak_time":736,"minecraft:walk_under_water_one_cm":56,"minecraft:jump":447,"minecraft:leave_game":4,"minecraft:time_since_death":30767,"minecraft:walk_on_water_one_cm":945,"minecraft:fall_one_cm":8368},"minecraft:broken":{"minecraft:wooden_sword":1},"minecraft:killed":{"alexsmobs:crocodile":1,"minecraft:pig":5,"zawa:giraffe":3,"undead:thestone":1,"minecraft:spider":1,"minecraft:creeper":3,"minecraft:cow":3},"minecraft:dropped":{"minecraft:grass_block":1},"minecraft:picked_up":{"zawa:large_meat":6,"minecraft:leather":14,"minecraft:porkchop":7,"minecraft:gunpowder":4,"minecraft:spider_eye":1,"minecraft:bone":6,"minecraft:beef":3,"minecraft:poppy":1}},"DataVersion":2586}