{"stats":{"minecraft:used":{"securitycraft:keypad_chest":1,"securitycraft:reinforced_birch_log":3,"securitycraft:reinforced_jungle_log":97,"alexsmobs:animal_dictionary":1,"securitycraft:block_pocket_manager":1,"undead:hell_waste_spawn_egg":1,"zawa:spruce_wall_forage":1,"undead:themoonflower_spawn_egg":1},"minecraft:custom":{"minecraft:jump":70,"minecraft:time_since_rest":7625,"minecraft:crouch_one_cm":75,"minecraft:play_one_minute":7625,"minecraft:leave_game":3,"minecraft:sprint_one_cm":11513,"minecraft:time_since_death":7625,"minecraft:walk_one_cm":1758,"minecraft:sneak_time":332,"minecraft:fall_one_cm":209,"minecraft:fly_one_cm":45819}},"DataVersion":2586}