{"stats":{"minecraft:crafted":{"minecraft:redstone":24},"minecraft:custom":{"minecraft:time_since_rest":9664,"minecraft:crouch_one_cm":878,"minecraft:play_one_minute":127884,"minecraft:sprint_one_cm":32587,"minecraft:deaths":1,"minecraft:damage_taken":53,"minecraft:walk_one_cm":21780,"minecraft:sneak_time":1081,"minecraft:drop":2,"minecraft:jump":315,"minecraft:damage_dealt":44,"minecraft:leave_game":9,"minecraft:walk_on_water_one_cm":63,"minecraft:time_since_death":9640,"minecraft:traded_with_villager":12,"minecraft:talked_to_villager":61,"minecraft:fall_one_cm":1478,"minecraft:fly_one_cm":239524},"minecraft:used":{"securitycraft:ims":3},"minecraft:mined":{"minecraft:grass":4},"minecraft:picked_up":{"minecraft:emerald":1,"alexsmobs:animal_dictionary":1},"minecraft:dropped":{"alexsmobs:animal_dictionary":1,"minecraft:emerald":1}},"DataVersion":2586}