{"stats":{"minecraft:custom":{"minecraft:time_since_rest":13637,"minecraft:crouch_one_cm":1163,"minecraft:play_one_minute":71149,"minecraft:sprint_one_cm":43222,"minecraft:deaths":3,"minecraft:walk_one_cm":99204,"minecraft:sneak_time":1320,"minecraft:jump":173,"minecraft:damage_dealt":35,"minecraft:leave_game":4,"minecraft:time_since_death":13611,"minecraft:fall_one_cm":1254,"minecraft:fly_one_cm":366721},"minecraft:used":{"minecraft:bedrock":8,"minecraft:ender_eye":10,"minecraft:dirt":8,"minecraft:flint_and_steel":1,"minecraft:grass_block":83,"minecraft:repeating_command_block":5,"alexsmobs:animal_dictionary":1,"minecraft:stone":3,"minecraft:obsidian":14},"minecraft:picked_up":{"minecraft:wheat_seeds":46,"minecraft:ender_eye":4},"minecraft:mined":{"minecraft:grass":7,"minecraft:tall_grass":5}},"DataVersion":2586}