{"stats":{"minecraft:picked_up":{"minecraft:feather":1,"minecraft:chicken":1,"minecraft:wheat_seeds":2,"minecraft:poppy":2,"minecraft:yellow_bed":1},"minecraft:killed":{"minecraft:chicken":1},"minecraft:custom":{"minecraft:time_since_rest":13071,"minecraft:open_chest":1,"minecraft:crouch_one_cm":413,"minecraft:play_one_minute":22387,"minecraft:sprint_one_cm":14038,"minecraft:walk_one_cm":10342,"minecraft:sneak_time":75,"minecraft:mob_kills":1,"minecraft:jump":100,"minecraft:damage_dealt":40,"minecraft:leave_game":2,"minecraft:time_since_death":22387,"minecraft:sleep_in_bed":1,"minecraft:fall_one_cm":2206,"minecraft:fly_one_cm":24272},"minecraft:used":{"minecraft:poppy":1,"minecraft:yellow_bed":1},"minecraft:mined":{"minecraft:grass":9,"minecraft:poppy":2,"minecraft:tall_grass":5,"minecraft:yellow_bed":1}},"DataVersion":2586}