{"stats":{"minecraft:killed":{"undead:thegluttony":1,"undead:thewolf":1,"undead:the_sisyphean":4,"minecraft:spider":1,"undead:thesnatcher":3,"minecraft:creeper":4,"undead:thespectre":1,"minecraft:horse":1,"minecraft:skeleton":1,"undead:thepregnant":1,"minecraft:zombie":5,"minecraft:chicken":2,"alexsmobs:fly":1,"mutantbeasts:mutant_zombie":1,"minecraft:cow":1,"cnb:cindershell":1},"minecraft:dropped":{"minecraft:zombie_spawn_egg":1,"minecraft:netherite_sword":1,"undead:glutonnyleech":1,"undead:smite_crusadersword":2,"undead:thescreamer_spawn_egg":1,"securitycraft:display_case":1,"minecraft:snowball":11,"securitycraft:harming_module":2,"gravestone:obituary":2},"minecraft:custom":{"minecraft:mob_kills":41,"minecraft:play_one_minute":379549,"minecraft:leave_game":29,"minecraft:time_since_death":108192,"minecraft:sleep_in_bed":18,"minecraft:climb_one_cm":28,"minecraft:time_since_rest":53329,"minecraft:walk_one_cm":182827,"minecraft:sprint_one_cm":157481,"minecraft:damage_taken":985,"minecraft:damage_absorbed":145,"minecraft:drop":15,"minecraft:damage_dealt":18282,"minecraft:fly_one_cm":812941,"minecraft:crouch_one_cm":4736,"minecraft:deaths":4,"minecraft:sneak_time":2883,"minecraft:jump":2131,"minecraft:walk_on_water_one_cm":1689,"minecraft:fall_one_cm":11783},"minecraft:killed_by":{"minecraft:spider":1},"minecraft:picked_up":{"minecraft:feather":1,"minecraft:chicken":2,"minecraft:leather":1,"undead:stuffedflesh":4,"gravestone:obituary":1,"minecraft:gunpowder":3,"minecraft:string":2,"minecraft:dirt":50,"minecraft:bone":3,"undead:glutonnyleech":1,"minecraft:iron_ingot":4,"minecraft:beef":2,"minecraft:spider_eye":3,"undead:smite_crusadersword":1,"minecraft:rotten_flesh":15,"securitycraft:harming_module":2,"minecraft:lever":2,"minecraft:polished_blackstone_button":1,"securitycraft:display_case":2,"alexsmobs:maggot":3,"minecraft:snowball":78},"minecraft:used":{"cnb:lizard_item_3":1,"minecraft:netherite_sword":144,"minecraft:flint_and_steel":10,"securitycraft:door_indestructible_iron_item":2,"cnb:sporeling_nether_brown_egg":1,"mutantbeasts:mutant_enderman_spawn_egg":1,"mutantbeasts:endersoul_hand":8,"mutantbeasts:mutant_creeper_spawn_egg":1,"minecraft:stone":1,"minecraft:zombie_spawn_egg":1,"securitycraft:keypad_door_item":1,"cnb:sporeling_nether_red_egg":1,"securitycraft:scanner_door_item":2,"mutantbeasts:mutant_zombie_spawn_egg":1,"cnb:lilytad_spawn_egg":1,"undead:thewolf_spawn_egg":1,"minecraft:golden_apple":10,"minecraft:dirt":2,"minecraft:red_bed":1,"minecraft:tnt":12,"cnb:sporeling_crimson_fungus_egg":1,"undead:smite_crusadersword":40,"cnb:cindershell_spawn_egg":1,"undead:thesnatcher_spawn_egg":5,"undead:the_sisyphean_spawn_egg":5,"mutantbeasts:chemical_x":5,"cnb:sporeling_overworld_brown_egg":1,"securitycraft:display_case":6,"minecraft:lever":1,"minecraft:lava_bucket":15,"undead:thespectre_spawn_egg":1,"minecraft:grass_block":1,"cnb:yeti_spawn_egg":1,"cnb:lizard_spawn_egg":1,"cnb:apple_slice":1,"cnb:cindershell_bucket":1,"mutantbeasts:mutant_snow_golem_spawn_egg":24,"minecraft:bow":10,"mutantbeasts:spider_pig_spawn_egg":1,"undead:thegluttony_spawn_egg":3,"cnb:sporeling_overworld_red_egg":1},"minecraft:mined":{"minecraft:grass":1}},"DataVersion":2586}