{"stats":{"minecraft:used":{"minecraft:netherite_sword":144,"cnb:sporeling_overworld_brown_egg":1,"mutantbeasts:chemical_x":5,"cnb:lizard_item_3":1,"minecraft:lava_bucket":15,"minecraft:flint_and_steel":10,"cnb:sporeling_nether_brown_egg":1,"minecraft:grass_block":1,"cnb:yeti_spawn_egg":1,"mutantbeasts:mutant_enderman_spawn_egg":1,"mutantbeasts:endersoul_hand":8,"mutantbeasts:mutant_creeper_spawn_egg":1,"minecraft:stone":1,"cnb:sporeling_nether_red_egg":1,"mutantbeasts:mutant_zombie_spawn_egg":1,"mutantbeasts:mutant_snow_golem_spawn_egg":24,"cnb:lilytad_spawn_egg":1,"minecraft:dirt":2,"minecraft:bow":10,"minecraft:tnt":11,"cnb:sporeling_crimson_fungus_egg":1,"minecraft:red_bed":1,"mutantbeasts:spider_pig_spawn_egg":1,"cnb:cindershell_spawn_egg":1,"cnb:sporeling_overworld_red_egg":1},"minecraft:killed_by":{"minecraft:spider":1},"minecraft:dropped":{"minecraft:netherite_sword":1,"minecraft:snowball":11,"gravestone:obituary":2},"minecraft:mined":{"minecraft:grass":1},"minecraft:picked_up":{"minecraft:feather":1,"minecraft:chicken":2,"minecraft:leather":1,"gravestone:obituary":1,"minecraft:gunpowder":1,"minecraft:rotten_flesh":3,"minecraft:beef":2,"minecraft:iron_ingot":4,"alexsmobs:maggot":1,"minecraft:snowball":78},"minecraft:killed":{"minecraft:skeleton":1,"minecraft:zombie":5,"minecraft:chicken":2,"minecraft:spider":1,"mutantbeasts:mutant_zombie":1,"minecraft:creeper":2,"minecraft:cow":1},"minecraft:custom":{"minecraft:time_since_rest":3361,"minecraft:sprint_one_cm":97828,"minecraft:damage_taken":525,"minecraft:walk_one_cm":134275,"minecraft:mob_kills":19,"minecraft:drop":7,"minecraft:damage_dealt":13945,"minecraft:fly_one_cm":597695,"minecraft:crouch_one_cm":3812,"minecraft:play_one_minute":324345,"minecraft:deaths":4,"minecraft:sneak_time":2306,"minecraft:jump":1344,"minecraft:leave_game":26,"minecraft:walk_on_water_one_cm":1689,"minecraft:time_since_death":52988,"minecraft:sleep_in_bed":16,"minecraft:climb_one_cm":28,"minecraft:fall_one_cm":3456}},"DataVersion":2586}