{"stats":{"minecraft:mined":{"minecraft:grass":10,"minecraft:poppy":2,"minecraft:tall_grass":8,"minecraft:yellow_bed":1},"minecraft:picked_up":{"minecraft:feather":1,"minecraft:chicken":1,"minecraft:wheat_seeds":3,"minecraft:poppy":2,"minecraft:yellow_bed":1},"minecraft:used":{"minecraft:poppy":1,"minecraft:yellow_bed":1,"alexsmobs:animal_dictionary":1},"minecraft:custom":{"minecraft:time_since_rest":25251,"minecraft:open_chest":1,"minecraft:crouch_one_cm":607,"minecraft:play_one_minute":34567,"minecraft:sprint_one_cm":22100,"minecraft:walk_one_cm":16339,"minecraft:sneak_time":137,"minecraft:mob_kills":1,"minecraft:jump":167,"minecraft:damage_dealt":40,"minecraft:leave_game":6,"minecraft:time_since_death":34567,"minecraft:sleep_in_bed":1,"minecraft:fall_one_cm":3460,"minecraft:fly_one_cm":38274},"minecraft:killed":{"minecraft:chicken":1}},"DataVersion":2586}