{"stats":{"minecraft:picked_up":{"minecraft:feather":1,"minecraft:chicken":1,"minecraft:wheat_seeds":3,"minecraft:ender_eye":1,"minecraft:poppy":2,"minecraft:yellow_bed":1},"minecraft:killed":{"minecraft:chicken":1},"minecraft:mined":{"minecraft:grass":10,"minecraft:poppy":2,"minecraft:tall_grass":8,"minecraft:yellow_bed":1},"minecraft:used":{"minecraft:ender_eye":3,"minecraft:poppy":1,"alexsmobs:animal_dictionary":1,"minecraft:yellow_bed":1},"minecraft:custom":{"minecraft:time_since_rest":1192,"minecraft:open_chest":1,"minecraft:deaths":1,"minecraft:crouch_one_cm":746,"minecraft:play_one_minute":49573,"minecraft:damage_taken":30,"minecraft:sprint_one_cm":25562,"minecraft:walk_one_cm":36301,"minecraft:sneak_time":155,"minecraft:mob_kills":1,"minecraft:jump":245,"minecraft:damage_dealt":40,"minecraft:leave_game":8,"minecraft:time_since_death":1159,"minecraft:sleep_in_bed":1,"minecraft:fall_one_cm":4929,"minecraft:fly_one_cm":113223}},"DataVersion":2586}