{"stats":{"minecraft:custom":{"minecraft:jump":158,"minecraft:time_since_rest":48317,"minecraft:damage_dealt":35,"minecraft:play_one_minute":55649,"minecraft:crouch_one_cm":1145,"minecraft:leave_game":3,"minecraft:sprint_one_cm":43222,"minecraft:time_since_death":48245,"minecraft:walk_one_cm":89234,"minecraft:deaths":1,"minecraft:sneak_time":1308,"minecraft:fall_one_cm":1254,"minecraft:fly_one_cm":365673},"minecraft:picked_up":{"minecraft:wheat_seeds":46,"minecraft:ender_eye":4},"minecraft:used":{"minecraft:bedrock":8,"minecraft:repeating_command_block":5,"minecraft:stone":3,"minecraft:dirt":8,"alexsmobs:animal_dictionary":1,"minecraft:ender_eye":10,"minecraft:grass_block":83},"minecraft:mined":{"minecraft:tall_grass":5,"minecraft:grass":7}},"DataVersion":2586}