{"stats":{"minecraft:custom":{"minecraft:jump":79,"minecraft:open_chest":1,"minecraft:time_since_rest":451,"minecraft:damage_dealt":40,"minecraft:crouch_one_cm":330,"minecraft:play_one_minute":9767,"minecraft:leave_game":1,"minecraft:sprint_one_cm":11697,"minecraft:time_since_death":9767,"minecraft:walk_one_cm":5404,"minecraft:sleep_in_bed":1,"minecraft:sneak_time":66,"minecraft:mob_kills":1,"minecraft:fall_one_cm":2206,"minecraft:fly_one_cm":21721},"minecraft:mined":{"minecraft:tall_grass":5,"minecraft:grass":9,"minecraft:yellow_bed":1},"minecraft:picked_up":{"minecraft:feather":1,"minecraft:chicken":1,"minecraft:yellow_bed":1,"minecraft:wheat_seeds":2},"minecraft:killed":{"minecraft:chicken":1},"minecraft:used":{"minecraft:yellow_bed":1}},"DataVersion":2586}