{"stats":{"minecraft:mined":{"minecraft:grass":4},"minecraft:picked_up":{"minecraft:emerald":1,"alexsmobs:animal_dictionary":1},"minecraft:dropped":{"alexsmobs:animal_dictionary":1,"minecraft:emerald":1},"minecraft:custom":{"minecraft:jump":259,"minecraft:time_since_rest":114982,"minecraft:damage_dealt":44,"minecraft:play_one_minute":114982,"minecraft:crouch_one_cm":878,"minecraft:damage_taken":53,"minecraft:leave_game":8,"minecraft:sprint_one_cm":28896,"minecraft:time_since_death":114982,"minecraft:walk_on_water_one_cm":63,"minecraft:walk_one_cm":20457,"minecraft:sneak_time":717,"minecraft:traded_with_villager":12,"minecraft:fall_one_cm":1478,"minecraft:talked_to_villager":61,"minecraft:drop":2,"minecraft:fly_one_cm":75203},"minecraft:used":{"securitycraft:ims":3},"minecraft:crafted":{"minecraft:redstone":24}},"DataVersion":2586}