{"stats":{"minecraft:dropped":{"minecraft:netherite_sword":1},"minecraft:picked_up":{"minecraft:snowball":78},"minecraft:custom":{"minecraft:time_since_rest":10145,"minecraft:crouch_one_cm":317,"minecraft:play_one_minute":28410,"minecraft:sprint_one_cm":19770,"minecraft:deaths":3,"minecraft:damage_taken":265,"minecraft:walk_one_cm":35412,"minecraft:sneak_time":570,"minecraft:mob_kills":3,"minecraft:drop":1,"minecraft:jump":257,"minecraft:damage_dealt":1619,"minecraft:leave_game":3,"minecraft:walk_on_water_one_cm":316,"minecraft:time_since_death":10118,"minecraft:fall_one_cm":418,"minecraft:fly_one_cm":128222},"minecraft:killed_by":{"mutantmore:mutant_husk":1},"minecraft:used":{"minecraft:netherite_sword":15,"cnb:lilytad_spawn_egg":1,"mutantbeasts:mutant_snow_golem_spawn_egg":24,"cnb:sporeling_overworld_brown_egg":1,"mutantmore:mutant_wither_skeleton_spawn_egg":1,"cnb:lizard_item_3":1,"minecraft:bow":3,"mutantmore:mutant_shulker_spawn_egg":1,"minecraft:tnt":11,"minecraft:flint_and_steel":10,"cnb:sporeling_crimson_fungus_egg":1,"cnb:yeti_spawn_egg":1,"mutantbeasts:spider_pig_spawn_egg":1,"minecraft:grass_block":1,"cnb:sporeling_nether_brown_egg":1,"mutantbeasts:mutant_enderman_spawn_egg":1,"mutantmore:mutant_husk_spawn_egg":2,"mutantmore:rodling_spawn_egg":1,"mutantmore:mutant_blaze_spawn_egg":1,"cnb:cindershell_spawn_egg":1,"mutantbeasts:endersoul_hand":8,"mutantmore:mutant_hoglin_spawn_egg":1,"mutantbeasts:mutant_creeper_spawn_egg":1,"cnb:sporeling_nether_red_egg":1,"cnb:sporeling_overworld_red_egg":1},"minecraft:killed":{"minecraft:skeleton":1,"mutantmore:mutant_husk":1}},"DataVersion":2586}