{"stats":{"minecraft:used":{"minecraft:poppy":1,"minecraft:yellow_bed":1},"minecraft:killed":{"minecraft:chicken":1},"minecraft:mined":{"minecraft:grass":9,"minecraft:poppy":2,"minecraft:tall_grass":5,"minecraft:yellow_bed":1},"minecraft:picked_up":{"minecraft:feather":1,"minecraft:chicken":1,"minecraft:wheat_seeds":2,"minecraft:poppy":2,"minecraft:yellow_bed":1},"minecraft:custom":{"minecraft:time_since_rest":15420,"minecraft:open_chest":1,"minecraft:crouch_one_cm":459,"minecraft:play_one_minute":24736,"minecraft:sprint_one_cm":14387,"minecraft:walk_one_cm":11207,"minecraft:sneak_time":80,"minecraft:mob_kills":1,"minecraft:jump":105,"minecraft:damage_dealt":40,"minecraft:leave_game":4,"minecraft:time_since_death":24736,"minecraft:sleep_in_bed":1,"minecraft:fall_one_cm":2206,"minecraft:fly_one_cm":24514}},"DataVersion":2586}