{"stats":{"minecraft:mined":{"securitycraft:bouncing_betty":2,"minecraft:grass":7,"minecraft:tall_grass":5},"minecraft:picked_up":{"minecraft:iron_chestplate":1,"securitycraft:ims":1,"securitycraft:bouncing_betty":4,"minecraft:wheat_seeds":46,"minecraft:ender_eye":4},"minecraft:custom":{"minecraft:time_since_rest":46207,"minecraft:play_one_minute":103719,"minecraft:crouch_one_cm":1495,"minecraft:sprint_one_cm":47196,"minecraft:deaths":3,"minecraft:walk_one_cm":112703,"minecraft:sneak_time":1465,"minecraft:drop":2,"minecraft:jump":208,"minecraft:damage_dealt":35,"minecraft:leave_game":11,"minecraft:time_since_death":46181,"minecraft:interact_with_crafting_table":2,"minecraft:fall_one_cm":1254,"minecraft:fly_one_cm":380394},"minecraft:dropped":{"securitycraft:ims":1,"minecraft:iron_chestplate":1},"minecraft:crafted":{"securitycraft:ims":1,"securitycraft:bouncing_betty":1},"minecraft:used":{"securitycraft:ims":3,"minecraft:bedrock":8,"minecraft:ender_eye":13,"minecraft:dirt":8,"minecraft:flint_and_steel":1,"minecraft:crafting_table":5,"minecraft:armor_stand":1,"minecraft:grass_block":92,"alexsmobs:animal_dictionary":1,"minecraft:repeating_command_block":5,"minecraft:stone":3,"securitycraft:bucket_f_lava":2,"securitycraft:bouncing_betty":5,"minecraft:obsidian":14,"securitycraft:trophy_system":1}},"DataVersion":2586}