{"stats":{"minecraft:used":{"minecraft:ender_eye":3,"minecraft:poppy":1,"alexsmobs:animal_dictionary":1,"minecraft:yellow_bed":1},"minecraft:custom":{"minecraft:time_since_rest":19103,"minecraft:open_chest":1,"minecraft:crouch_one_cm":746,"minecraft:play_one_minute":67484,"minecraft:damage_taken":120,"minecraft:sprint_one_cm":28115,"minecraft:deaths":1,"minecraft:walk_one_cm":39421,"minecraft:sneak_time":155,"minecraft:mob_kills":1,"minecraft:jump":277,"minecraft:damage_dealt":40,"minecraft:leave_game":10,"minecraft:time_since_death":19070,"minecraft:sleep_in_bed":1,"minecraft:fall_one_cm":6502,"minecraft:fly_one_cm":119076},"minecraft:picked_up":{"minecraft:feather":1,"minecraft:chicken":1,"minecraft:wheat_seeds":3,"minecraft:ender_eye":1,"minecraft:poppy":2,"minecraft:yellow_bed":1},"minecraft:killed":{"minecraft:chicken":1},"minecraft:mined":{"minecraft:grass":10,"minecraft:poppy":2,"minecraft:tall_grass":8,"minecraft:yellow_bed":1}},"DataVersion":2586}