{"stats":{"minecraft:killed_by":{"undead:sucker":1,"minecraft:spider":1,"undead:the_melancholy":1},"minecraft:used":{"undead:thebladedancer_spawn_egg":2,"minecraft:oak_fence":60,"minecraft:water_bucket":2,"cnb:lizard_item_3":1,"minecraft:netherite_sword":144,"undead:blob_spawn_egg":1,"undead:hell_waste_spawn_egg":1,"minecraft:flint_and_steel":10,"securitycraft:door_indestructible_iron_item":2,"minecraft:chorus_fruit":15,"cnb:sporeling_nether_brown_egg":1,"undead:lostsoul_spawn_egg":1,"securitycraft:keypad_chest":1,"minecraft:redstone":4,"mutantbeasts:mutant_enderman_spawn_egg":1,"minecraft:oak_sign":3,"mutantbeasts:endersoul_hand":19,"minecraft:ender_pearl":4,"mutantbeasts:mutant_creeper_spawn_egg":5,"minecraft:stone":1,"securitycraft:keypad_door_item":3,"minecraft:zombie_spawn_egg":1,"undead:the_melancholy_spawn_egg":1,"cnb:sporeling_nether_red_egg":1,"minecraft:diamond_axe":1,"securitycraft:scanner_door_item":2,"mutantbeasts:mutant_zombie_spawn_egg":1,"cnb:lilytad_spawn_egg":1,"undead:thewolf_spawn_egg":1,"minecraft:torch":3,"minecraft:golden_apple":10,"minecraft:dirt":121,"alexsmobs:spawn_egg_warped_mosco":2,"zawa:bald_eagle_spawn_egg":1,"cnb:sporeling_crimson_fungus_egg":1,"minecraft:red_bed":2,"minecraft:tnt":27,"minecraft:jungle_planks":199,"undead:smite_crusadersword":94,"undead:soulcrockpot_spawn_egg":1,"cnb:cindershell_spawn_egg":1,"undead:thesnatcher_spawn_egg":5,"undead:the_sisyphean_spawn_egg":5,"mutantbeasts:chemical_x":5,"cnb:sporeling_overworld_brown_egg":1,"minecraft:wooden_axe":1,"securitycraft:display_case":6,"minecraft:lever":1,"minecraft:lava_bucket":20,"undead:thespectre_spawn_egg":1,"cnb:yeti_spawn_egg":1,"minecraft:grass_block":32,"cnb:lizard_spawn_egg":1,"cnb:apple_slice":1,"undead:spitter_spawn_egg":1,"cnb:cindershell_bucket":1,"mutantbeasts:mutant_snow_golem_spawn_egg":24,"undead:themermaid_spawn_egg":1,"minecraft:bow":10,"undead:fleshserpent_spawn_egg":2,"mutantbeasts:spider_pig_spawn_egg":1,"minecraft:bucket":1,"undead:thegreed_spawn_egg":1,"undead:therod_spawn_egg":1,"minecraft:oak_boat":3,"undead:thegluttony_spawn_egg":3,"cnb:sporeling_overworld_red_egg":1},"minecraft:dropped":{"minecraft:zombie_spawn_egg":1,"alexsmobs:hemolymph_sac":4,"minecraft:netherite_sword":1,"minecraft:netherite_helmet":1,"minecraft:netherite_chestplate":1,"undead:glutonnyleech":1,"minecraft:grass_block":4,"minecraft:netherite_leggings":1,"undead:smite_crusadersword":3,"undead:thescreamer_spawn_egg":1,"securitycraft:display_case":1,"minecraft:snowball":11,"minecraft:netherite_boots":1,"securitycraft:harming_module":2,"gravestone:obituary":4,"minecraft:dandelion":1},"minecraft:picked_up":{"minecraft:feather":1,"minecraft:chicken":2,"minecraft:leather":1,"undead:stuffedflesh":20,"gravestone:obituary":1,"minecraft:gunpowder":5,"minecraft:dirt":132,"minecraft:string":4,"minecraft:bone":4,"minecraft:wheat_seeds":4,"undead:glutonnyleech":1,"minecraft:heart_of_the_sea":1,"minecraft:horn_coral_block":5,"minecraft:iron_ingot":4,"minecraft:beef":2,"alexsmobs:warped_muscle":1,"minecraft:dandelion":1,"minecraft:gravel":1,"alexsmobs:hemolymph_sac":8,"minecraft:jungle_planks":22,"undead:blackpetal":2,"minecraft:redstone":1,"minecraft:grass_block":1,"minecraft:spider_eye":4,"minecraft:tnt":1,"minecraft:rotten_flesh":26,"undead:smite_crusadersword":1,"minecraft:slime_ball":1,"mutantbeasts:mutant_enderman_spawn_egg":511,"securitycraft:harming_module":2,"minecraft:lever":2,"minecraft:polished_blackstone_button":1,"securitycraft:display_case":2,"minecraft:gold_ingot":3,"alexsmobs:maggot":3,"minecraft:cod":4,"minecraft:snowball":96},"minecraft:mined":{"gravestone:gravestone":1,"minecraft:jungle_planks":2,"minecraft:tall_grass":1,"minecraft:tnt":1,"minecraft:grass":8},"minecraft:killed":{"undead:thegluttony":1,"undead:thewolf":1,"undead:the_sisyphean":4,"undead:fleshserpent":1,"minecraft:spider":2,"undead:thesnatcher":3,"minecraft:creeper":5,"undead:thespectre":1,"minecraft:horse":1,"minecraft:skeleton":1,"undead:thepregnant":1,"minecraft:zombie":6,"minecraft:chicken":2,"alexsmobs:warped_mosco":1,"alexsmobs:fly":1,"undead:thebomber":1,"mutantbeasts:mutant_zombie":1,"undead:themoonflower":3,"mutantbeasts:mutant_creeper":1,"undead:lostsoul":1,"cnb:cindershell":1,"minecraft:cow":1},"minecraft:custom":{"minecraft:mob_kills":55,"minecraft:play_one_minute":521708,"minecraft:leave_game":33,"minecraft:time_since_death":224,"minecraft:sleep_in_bed":21,"minecraft:climb_one_cm":28,"minecraft:time_since_rest":280,"minecraft:damage_absorbed":145,"minecraft:sprint_one_cm":206091,"minecraft:damage_taken":2392,"minecraft:walk_one_cm":304477,"minecraft:drop":31,"minecraft:damage_dealt":23361,"minecraft:fly_one_cm":1287276,"minecraft:open_chest":1,"minecraft:crouch_one_cm":7652,"minecraft:deaths":9,"minecraft:sneak_time":5297,"minecraft:boat_one_cm":17460,"minecraft:jump":3919,"minecraft:walk_on_water_one_cm":4875,"minecraft:fall_one_cm":28906,"minecraft:inspect_dispenser":7}},"DataVersion":2586}