{"stats":{"minecraft:used":{"securitycraft:ims":2,"securitycraft:trophy_system":1,"minecraft:bedrock":8,"minecraft:ender_eye":10,"minecraft:dirt":8,"minecraft:flint_and_steel":1,"minecraft:crafting_table":5,"minecraft:armor_stand":1,"minecraft:grass_block":84,"alexsmobs:animal_dictionary":1,"minecraft:repeating_command_block":5,"securitycraft:bucket_f_lava":2,"minecraft:stone":3,"minecraft:obsidian":14},"minecraft:crafted":{"securitycraft:ims":1},"minecraft:dropped":{"securitycraft:ims":1,"minecraft:iron_chestplate":1},"minecraft:mined":{"minecraft:grass":7,"minecraft:tall_grass":5},"minecraft:custom":{"minecraft:time_since_rest":34593,"minecraft:crouch_one_cm":1479,"minecraft:play_one_minute":92105,"minecraft:sprint_one_cm":44277,"minecraft:deaths":3,"minecraft:walk_one_cm":105711,"minecraft:sneak_time":1438,"minecraft:drop":2,"minecraft:jump":191,"minecraft:damage_dealt":35,"minecraft:leave_game":5,"minecraft:time_since_death":34567,"minecraft:interact_with_crafting_table":1,"minecraft:fall_one_cm":1254,"minecraft:fly_one_cm":368819},"minecraft:picked_up":{"minecraft:iron_chestplate":1,"securitycraft:bouncing_betty":2,"securitycraft:ims":1,"minecraft:wheat_seeds":46,"minecraft:ender_eye":4}},"DataVersion":2586}