{"stats":{"minecraft:mined":{"securitycraft:bouncing_betty":1,"minecraft:grass":4,"securitycraft:diamond_mine":3,"securitycraft:track_mine":1},"minecraft:crafted":{"minecraft:redstone":24},"minecraft:used":{"securitycraft:diamond_mine":4,"securitycraft:ims":3,"minecraft:diamond_pickaxe":4,"minecraft:grass_block":12,"securitycraft:bouncing_betty":1,"securitycraft:track_mine":1},"minecraft:dropped":{"alexsmobs:animal_dictionary":1,"minecraft:emerald":1},"minecraft:picked_up":{"securitycraft:track_mine":1,"securitycraft:bouncing_betty":1,"minecraft:emerald":1,"securitycraft:diamond_mine":3,"alexsmobs:animal_dictionary":1},"minecraft:custom":{"minecraft:time_since_rest":78407,"minecraft:crouch_one_cm":1159,"minecraft:play_one_minute":196627,"minecraft:sprint_one_cm":44064,"minecraft:deaths":1,"minecraft:damage_taken":53,"minecraft:walk_one_cm":29009,"minecraft:sneak_time":1577,"minecraft:drop":2,"minecraft:jump":475,"minecraft:damage_dealt":44,"minecraft:leave_game":10,"minecraft:walk_on_water_one_cm":63,"minecraft:time_since_death":78383,"minecraft:traded_with_villager":12,"minecraft:talked_to_villager":61,"minecraft:fall_one_cm":2523,"minecraft:fly_one_cm":394241}},"DataVersion":2586}