{"stats":{"minecraft:dropped":{"minecraft:netherite_sword":1},"minecraft:used":{"cnb:sporeling_overworld_brown_egg":1,"cnb:lizard_item_3":1,"mutantmore:mutant_wither_skeleton_spawn_egg":1,"minecraft:netherite_sword":71,"minecraft:flint_and_steel":10,"minecraft:grass_block":1,"cnb:yeti_spawn_egg":1,"cnb:sporeling_nether_brown_egg":1,"mutantbeasts:mutant_enderman_spawn_egg":1,"mutantmore:rodling_spawn_egg":1,"mutantmore:mutant_blaze_spawn_egg":1,"mutantbeasts:endersoul_hand":8,"mutantmore:mutant_hoglin_spawn_egg":1,"mutantbeasts:mutant_creeper_spawn_egg":1,"cnb:sporeling_nether_red_egg":1,"mutantbeasts:mutant_zombie_spawn_egg":1,"cnb:lilytad_spawn_egg":1,"mutantbeasts:mutant_snow_golem_spawn_egg":24,"mutantmore:mutant_shulker_spawn_egg":1,"minecraft:bow":10,"minecraft:tnt":11,"cnb:sporeling_crimson_fungus_egg":1,"mutantbeasts:spider_pig_spawn_egg":1,"mutantmore:mutant_husk_spawn_egg":3,"cnb:cindershell_spawn_egg":1,"cnb:sporeling_overworld_red_egg":1},"minecraft:killed":{"minecraft:skeleton":1,"mutantbeasts:mutant_zombie":1,"mutantmore:mutant_husk":3},"minecraft:custom":{"minecraft:time_since_rest":195931,"minecraft:walk_one_cm":41357,"minecraft:sprint_one_cm":23392,"minecraft:damage_taken":265,"minecraft:mob_kills":6,"minecraft:drop":1,"minecraft:damage_dealt":6899,"minecraft:fly_one_cm":163787,"minecraft:play_one_minute":214196,"minecraft:crouch_one_cm":351,"minecraft:deaths":3,"minecraft:sneak_time":659,"minecraft:jump":412,"minecraft:leave_game":4,"minecraft:time_since_death":195904,"minecraft:walk_on_water_one_cm":316,"minecraft:fall_one_cm":418},"minecraft:killed_by":{"mutantmore:mutant_husk":1},"minecraft:picked_up":{"minecraft:snowball":78}},"DataVersion":2586}