{"stats":{"minecraft:mined":{"minecraft:grass":9,"minecraft:poppy":2,"minecraft:tall_grass":5,"minecraft:yellow_bed":1},"minecraft:custom":{"minecraft:time_since_rest":19293,"minecraft:open_chest":1,"minecraft:crouch_one_cm":522,"minecraft:play_one_minute":28609,"minecraft:sprint_one_cm":16791,"minecraft:walk_one_cm":14105,"minecraft:sneak_time":105,"minecraft:mob_kills":1,"minecraft:jump":130,"minecraft:damage_dealt":40,"minecraft:leave_game":5,"minecraft:time_since_death":28609,"minecraft:sleep_in_bed":1,"minecraft:fall_one_cm":2624,"minecraft:fly_one_cm":29990},"minecraft:picked_up":{"minecraft:feather":1,"minecraft:chicken":1,"minecraft:wheat_seeds":2,"minecraft:poppy":2,"minecraft:yellow_bed":1},"minecraft:killed":{"minecraft:chicken":1},"minecraft:used":{"minecraft:poppy":1,"minecraft:yellow_bed":1}},"DataVersion":2586}