{"stats":{"minecraft:crafted":{"minecraft:redstone":24},"minecraft:dropped":{"alexsmobs:animal_dictionary":1,"minecraft:emerald":1},"minecraft:custom":{"minecraft:jump":203,"minecraft:time_since_rest":101079,"minecraft:damage_dealt":44,"minecraft:crouch_one_cm":878,"minecraft:play_one_minute":101079,"minecraft:damage_taken":53,"minecraft:leave_game":4,"minecraft:sprint_one_cm":26225,"minecraft:time_since_death":101079,"minecraft:walk_on_water_one_cm":63,"minecraft:walk_one_cm":18891,"minecraft:sneak_time":717,"minecraft:traded_with_villager":12,"minecraft:drop":2,"minecraft:talked_to_villager":61,"minecraft:fall_one_cm":1478,"minecraft:fly_one_cm":61138},"minecraft:picked_up":{"minecraft:emerald":1,"alexsmobs:animal_dictionary":1},"minecraft:mined":{"minecraft:grass":4}},"DataVersion":2586}