{"stats":{"minecraft:mined":{"minecraft:tall_grass":5,"minecraft:grass":7},"minecraft:picked_up":{"minecraft:wheat_seeds":46},"minecraft:used":{"minecraft:bedrock":7,"minecraft:repeating_command_block":2,"minecraft:grass_block":71},"minecraft:custom":{"minecraft:jump":61,"minecraft:time_since_rest":12379,"minecraft:crouch_one_cm":26,"minecraft:damage_dealt":35,"minecraft:play_one_minute":19711,"minecraft:leave_game":2,"minecraft:sprint_one_cm":29691,"minecraft:deaths":1,"minecraft:time_since_death":12307,"minecraft:walk_one_cm":18927,"minecraft:sneak_time":291,"minecraft:fall_one_cm":1254,"minecraft:fly_one_cm":111753}},"DataVersion":2586}