{"stats":{"minecraft:custom":{"minecraft:jump":218,"minecraft:time_since_rest":101875,"minecraft:damage_dealt":44,"minecraft:play_one_minute":101875,"minecraft:crouch_one_cm":878,"minecraft:damage_taken":53,"minecraft:leave_game":5,"minecraft:sprint_one_cm":26912,"minecraft:time_since_death":101875,"minecraft:walk_on_water_one_cm":63,"minecraft:walk_one_cm":19060,"minecraft:sneak_time":717,"minecraft:traded_with_villager":12,"minecraft:fall_one_cm":1478,"minecraft:talked_to_villager":61,"minecraft:drop":2,"minecraft:fly_one_cm":65869},"minecraft:picked_up":{"minecraft:emerald":1,"alexsmobs:animal_dictionary":1},"minecraft:crafted":{"minecraft:redstone":24},"minecraft:dropped":{"alexsmobs:animal_dictionary":1,"minecraft:emerald":1},"minecraft:mined":{"minecraft:grass":4}},"DataVersion":2586}