{"stats":{"minecraft:custom":{"minecraft:jump":84,"minecraft:time_since_rest":8039,"minecraft:damage_dealt":25,"minecraft:crouch_one_cm":288,"minecraft:play_one_minute":8039,"minecraft:leave_game":1,"minecraft:sprint_one_cm":7120,"minecraft:time_since_death":8039,"minecraft:walk_one_cm":3677,"minecraft:sneak_time":190,"minecraft:fly_one_cm":26569},"minecraft:used":{"cnb:yeti_spawn_egg":1,"cnb:lilytad_spawn_egg":1,"cnb:cindershell_spawn_egg":1,"cnb:lizard_item_3":1,"cnb:sporeling_overworld_brown_egg":1,"cnb:sporeling_nether_red_egg":1,"cnb:sporeling_crimson_fungus_egg":1,"cnb:sporeling_overworld_red_egg":1,"cnb:sporeling_nether_brown_egg":1,"minecraft:grass_block":1}},"DataVersion":2586}