{"stats":{"minecraft:killed":{"minecraft:skeleton":1,"minecraft:zombie":5,"minecraft:chicken":2,"minecraft:spider":1,"mutantbeasts:mutant_zombie":1,"sons_of_sins:iron_hit":2,"minecraft:creeper":2,"minecraft:cow":1},"minecraft:used":{"chococraft:pink_chocobo_spawn_egg":1,"minecraft:netherite_sword":144,"cnb:sporeling_overworld_brown_egg":1,"sons_of_sins:wistiver_spawn_egg":1,"cnb:lizard_item_3":1,"chococraft:black_chocobo_spawn_egg":1,"minecraft:lava_bucket":15,"minecraft:flint_and_steel":10,"sons_of_sins:iron_hit_spawn_egg":5,"cnb:sporeling_nether_brown_egg":1,"cnb:yeti_spawn_egg":1,"minecraft:grass_block":1,"mutantbeasts:mutant_enderman_spawn_egg":1,"sons_of_sins:walking_bed_spawn_egg":2,"mutantbeasts:endersoul_hand":8,"mutantbeasts:mutant_creeper_spawn_egg":1,"minecraft:stone":1,"cnb:sporeling_nether_red_egg":1,"mutantbeasts:mutant_zombie_spawn_egg":1,"cnb:lilytad_spawn_egg":1,"mutantbeasts:mutant_snow_golem_spawn_egg":24,"chococraft:yellow_chocobo_spawn_egg":1,"chococraft:gold_chocobo_spawn_egg":1,"minecraft:dirt":2,"minecraft:bow":10,"minecraft:tnt":11,"cnb:sporeling_crimson_fungus_egg":1,"mutantbeasts:spider_pig_spawn_egg":1,"chococraft:flame_chocobo_spawn_egg":1,"cnb:cindershell_spawn_egg":1,"sons_of_sins:bloody_butcher_spawn_egg":1,"sons_of_sins:prowler_spawn_egg":2,"sons_of_sins:iron_oven_block":1,"chococraft:red_chocobo_spawn_egg":1,"cnb:sporeling_overworld_red_egg":1},"minecraft:mined":{"minecraft:grass":1},"minecraft:dropped":{"minecraft:netherite_sword":1,"minecraft:snowball":11,"sons_of_sins:wistiver_spawn_egg":1,"chococraft:flame_chocobo_spawn_egg":1},"minecraft:picked_up":{"minecraft:chicken":2,"sons_of_sins:bloody_bone":7,"minecraft:leather":1,"sons_of_sins:iron_motor":2,"minecraft:gunpowder":1,"minecraft:rotten_flesh":3,"minecraft:beef":2,"minecraft:iron_ingot":4,"minecraft:snowball":78},"minecraft:custom":{"minecraft:time_since_rest":222106,"minecraft:sprint_one_cm":52919,"minecraft:damage_taken":475,"minecraft:walk_one_cm":89554,"minecraft:mob_kills":19,"minecraft:drop":4,"minecraft:damage_dealt":13935,"minecraft:fly_one_cm":376964,"minecraft:crouch_one_cm":1767,"minecraft:play_one_minute":240371,"minecraft:deaths":3,"minecraft:sneak_time":1236,"minecraft:jump":786,"minecraft:leave_game":8,"minecraft:walk_on_water_one_cm":891,"minecraft:time_since_death":222079,"minecraft:fall_one_cm":3028}},"DataVersion":2586}