{"stats":{"minecraft:used":{"minecraft:redstone_torch":5,"mutantbeasts:mutant_skeleton_spawn_egg":17,"mutantbeasts:mutant_enderman_spawn_egg":8,"minecraft:grass_block":1,"minecraft:dispenser":9,"minecraft:redstone":52,"minecraft:oak_sign":1,"mutantbeasts:mutant_creeper_spawn_egg":1,"securitycraft:ims":1,"mutantbeasts:mutant_zombie_spawn_egg":1,"mutantbeasts:mutant_snow_golem_spawn_egg":14,"securitycraft:mine":1,"minecraft:repeater":6,"minecraft:glowstone":10,"minecraft:dirt":30,"securitycraft:dirt_mine":29,"minecraft:jungle_planks":171,"minecraft:obsidian":32},"minecraft:dropped":{"undead:smite_crusadersword":1,"gravestone:obituary":2,"minecraft:red_dye":2,"minecraft:redstone":1},"minecraft:picked_up":{"mutantbeasts:mutant_skeleton_skull":1,"mutantbeasts:mutant_skeleton_limb":1,"mutantbeasts:mutant_skeleton_shoulder_pad":1,"minecraft:dirt":16,"mutantbeasts:mutant_snow_golem_spawn_egg":502,"undead:smite_crusadersword":1,"mutantbeasts:mutant_skeleton_rib":1,"mutantbeasts:mutant_enderman_spawn_egg":559,"mutantbeasts:mutant_skeleton_pelvis":1,"minecraft:red_dye":1,"mutantbeasts:mutant_zombie_spawn_egg":559,"minecraft:ender_eye":2},"minecraft:custom":{"minecraft:time_since_rest":495,"minecraft:sprint_one_cm":2142,"minecraft:damage_taken":660,"minecraft:walk_one_cm":27004,"minecraft:drop":6,"minecraft:fly_one_cm":197764,"minecraft:crouch_one_cm":1414,"minecraft:play_one_minute":30606,"minecraft:deaths":4,"minecraft:sneak_time":921,"minecraft:jump":78,"minecraft:leave_game":2,"minecraft:time_since_death":0,"minecraft:sleep_in_bed":2,"minecraft:fall_one_cm":6891,"minecraft:inspect_dispenser":12}},"DataVersion":2586}