{
  "securitycraft:recipes/securitycraft/reinforced_birch_planks": {
    "criteria": {
      "has_log": "2024-06-27 18:25:56 +0000"
    },
    "done": true
  },
  "alexsmobs:alexsmobs/crocodile": {
    "criteria": {
      "killed_by": "2024-06-27 19:59:09 +0000"
    },
    "done": true
  },
  "minecraft:recipes/decorations/item_frame": {
    "criteria": {
      "has_leather": "2024-06-27 19:59:40 +0000"
    },
    "done": true
  },
  "minecraft:recipes/food/cooked_porkchop_from_campfire_cooking": {
    "criteria": {
      "has_porkchop": "2024-06-27 19:58:02 +0000"
    },
    "done": true
  },
  "minecraft:recipes/redstone/tnt": {
    "criteria": {
      "has_gunpowder": "2024-06-27 19:58:17 +0000"
    },
    "done": true
  },
  "minecraft:recipes/combat/leather_chestplate": {
    "criteria": {
      "has_leather": "2024-06-27 19:59:40 +0000"
    },
    "done": true
  },
  "minecraft:recipes/transportation/dark_oak_boat": {
    "criteria": {
      "in_water": "2024-06-27 19:59:14 +0000"
    },
    "done": true
  },
  "minecraft:adventure/kill_a_mob": {
    "criteria": {
      "minecraft:spider": "2024-06-27 19:57:45 +0000"
    },
    "done": true
  },
  "minecraft:adventure/kill_all_mobs": {
    "criteria": {
      "minecraft:spider": "2024-06-27 19:57:45 +0000",
      "minecraft:creeper": "2024-06-27 19:58:08 +0000"
    },
    "done": false
  },
  "undead:undeadto": {
    "criteria": {
      "undeadto": "2024-06-27 18:24:22 +0000"
    },
    "done": true
  },
  "zawa:evolved": {
    "criteria": {
      "koala": "2024-06-27 18:24:22 +0000",
      "african_wild_dog": "2024-06-27 18:24:22 +0000",
      "macaw": "2024-06-27 18:24:22 +0000",
      "mandrill": "2024-06-27 18:24:22 +0000",
      "bald_eagle": "2024-06-27 18:24:22 +0000",
      "grevys_zebra": "2024-06-27 18:24:22 +0000",
      "polar_bear": "2024-06-27 18:24:22 +0000",
      "kakapo": "2024-06-27 18:24:22 +0000",
      "orca": "2024-06-27 18:24:22 +0000",
      "emperor_penguin": "2024-06-27 18:24:22 +0000",
      "hornbill": "2024-06-27 18:24:22 +0000",
      "sumatran_orangutan": "2024-06-27 18:24:22 +0000",
      "red_kangaroo": "2024-06-27 18:24:22 +0000",
      "spider_monkey": "2024-06-27 18:24:22 +0000"
    },
    "done": true
  },
  "minecraft:recipes/food/cooked_beef_from_smoking": {
    "criteria": {
      "has_beef": "2024-06-27 20:00:50 +0000"
    },
    "done": true
  },
  "minecraft:recipes/food/cooked_beef": {
    "criteria": {
      "has_beef": "2024-06-27 20:00:50 +0000"
    },
    "done": true
  },
  "minecraft:recipes/combat/leather_helmet": {
    "criteria": {
      "has_leather": "2024-06-27 19:59:40 +0000"
    },
    "done": true
  },
  "minecraft:adventure/adventuring_time": {
    "criteria": {
      "minecraft:desert_hills": "2024-06-27 18:08:54 +0000",
      "minecraft:desert": "2024-06-27 18:07:06 +0000",
      "minecraft:deep_lukewarm_ocean": "2024-06-27 20:05:35 +0000",
      "minecraft:savanna_plateau": "2024-06-27 20:05:42 +0000",
      "minecraft:beach": "2024-06-27 20:05:24 +0000",
      "minecraft:river": "2024-06-27 19:59:09 +0000",
      "minecraft:lukewarm_ocean": "2024-06-27 20:05:26 +0000",
      "minecraft:savanna": "2024-06-27 18:06:43 +0000"
    },
    "done": false
  },
  "minecraft:recipes/misc/bone_meal": {
    "criteria": {
      "has_bone": "2024-06-27 19:59:40 +0000"
    },
    "done": true
  },
  "securitycraft:recipes/securitycraft/reinforced_jungle_wood": {
    "criteria": {
      "has_log": "2024-06-27 18:25:57 +0000"
    },
    "done": true
  },
  "minecraft:husbandry/root": {
    "criteria": {
      "consumed_item": "2024-06-27 18:26:24 +0000"
    },
    "done": true
  },
  "minecraft:recipes/food/cooked_beef_from_campfire_cooking": {
    "criteria": {
      "has_beef": "2024-06-27 20:00:50 +0000"
    },
    "done": true
  },
  "minecraft:recipes/decorations/chest": {
    "criteria": {
      "has_lots_of_items": "2024-06-27 19:57:29 +0000"
    },
    "done": true
  },
  "minecraft:recipes/transportation/birch_boat": {
    "criteria": {
      "in_water": "2024-06-27 19:59:14 +0000"
    },
    "done": true
  },
  "securitycraft:recipes/securitycraft/reinforced_birch_wood": {
    "criteria": {
      "has_log": "2024-06-27 18:25:56 +0000"
    },
    "done": true
  },
  "securitycraft:recipes/securitycraft/reinforced_jungle_planks": {
    "criteria": {
      "has_log": "2024-06-27 18:25:57 +0000"
    },
    "done": true
  },
  "alexsmobs:alexsmobs/root": {
    "criteria": {
      "useitem": "2024-06-27 18:26:24 +0000"
    },
    "done": true
  },
  "mutantbeasts:root": {
    "criteria": {
      "killed_something": "2024-06-27 19:57:38 +0000"
    },
    "done": true
  },
  "minecraft:recipes/misc/red_dye_from_poppy": {
    "criteria": {
      "has_red_flower": "2024-06-27 20:01:11 +0000"
    },
    "done": true
  },
  "minecraft:recipes/brewing/fermented_spider_eye": {
    "criteria": {
      "has_spider_eye": "2024-06-27 19:57:47 +0000"
    },
    "done": true
  },
  "minecraft:recipes/transportation/acacia_boat": {
    "criteria": {
      "in_water": "2024-06-27 19:59:14 +0000"
    },
    "done": true
  },
  "minecraft:recipes/transportation/oak_boat": {
    "criteria": {
      "in_water": "2024-06-27 19:59:14 +0000"
    },
    "done": true
  },
  "minecraft:recipes/food/cooked_porkchop_from_smoking": {
    "criteria": {
      "has_porkchop": "2024-06-27 19:58:02 +0000"
    },
    "done": true
  },
  "minecraft:recipes/food/cooked_porkchop": {
    "criteria": {
      "has_porkchop": "2024-06-27 19:58:02 +0000"
    },
    "done": true
  },
  "minecraft:adventure/root": {
    "criteria": {
      "killed_something": "2024-06-27 19:57:38 +0000"
    },
    "done": true
  },
  "minecraft:recipes/combat/leather_boots": {
    "criteria": {
      "has_leather": "2024-06-27 19:59:40 +0000"
    },
    "done": true
  },
  "minecraft:recipes/transportation/jungle_boat": {
    "criteria": {
      "in_water": "2024-06-27 19:59:14 +0000"
    },
    "done": true
  },
  "minecraft:recipes/misc/yellow_dye_from_dandelion": {
    "criteria": {
      "has_yellow_flower": "2024-06-27 19:57:21 +0000"
    },
    "done": true
  },
  "minecraft:recipes/transportation/spruce_boat": {
    "criteria": {
      "in_water": "2024-06-27 19:59:14 +0000"
    },
    "done": true
  },
  "minecraft:recipes/misc/leather_horse_armor": {
    "criteria": {
      "has_leather": "2024-06-27 19:59:40 +0000"
    },
    "done": true
  },
  "minecraft:recipes/combat/leather_leggings": {
    "criteria": {
      "has_leather": "2024-06-27 19:59:40 +0000"
    },
    "done": true
  },
  "DataVersion": 2586
}