{
  "securitycraft:recipes/securitycraft/reinforced_birch_planks": {
    "criteria": {
      "has_log": "2024-06-27 18:25:56 +0000"
    },
    "done": true
  },
  "zawa:evolved": {
    "criteria": {
      "koala": "2024-06-27 18:24:22 +0000",
      "african_wild_dog": "2024-06-27 18:24:22 +0000",
      "macaw": "2024-06-27 18:24:22 +0000",
      "mandrill": "2024-06-27 18:24:22 +0000",
      "bald_eagle": "2024-06-27 18:24:22 +0000",
      "grevys_zebra": "2024-06-27 18:24:22 +0000",
      "polar_bear": "2024-06-27 18:24:22 +0000",
      "kakapo": "2024-06-27 18:24:22 +0000",
      "orca": "2024-06-27 18:24:22 +0000",
      "emperor_penguin": "2024-06-27 18:24:22 +0000",
      "hornbill": "2024-06-27 18:24:22 +0000",
      "sumatran_orangutan": "2024-06-27 18:24:22 +0000",
      "red_kangaroo": "2024-06-27 18:24:22 +0000",
      "spider_monkey": "2024-06-27 18:24:22 +0000"
    },
    "done": true
  },
  "securitycraft:recipes/securitycraft/reinforced_jungle_wood": {
    "criteria": {
      "has_log": "2024-06-27 18:25:57 +0000"
    },
    "done": true
  },
  "minecraft:husbandry/root": {
    "criteria": {
      "consumed_item": "2024-06-27 18:26:24 +0000"
    },
    "done": true
  },
  "securitycraft:recipes/securitycraft/reinforced_birch_wood": {
    "criteria": {
      "has_log": "2024-06-27 18:25:56 +0000"
    },
    "done": true
  },
  "undead:undeadto": {
    "criteria": {
      "undeadto": "2024-06-27 18:24:22 +0000"
    },
    "done": true
  },
  "securitycraft:recipes/securitycraft/reinforced_jungle_planks": {
    "criteria": {
      "has_log": "2024-06-27 18:25:57 +0000"
    },
    "done": true
  },
  "minecraft:adventure/adventuring_time": {
    "criteria": {
      "minecraft:desert_hills": "2024-06-27 18:08:54 +0000",
      "minecraft:desert": "2024-06-27 18:07:06 +0000",
      "minecraft:savanna": "2024-06-27 18:06:43 +0000"
    },
    "done": false
  },
  "alexsmobs:alexsmobs/root": {
    "criteria": {
      "useitem": "2024-06-27 18:26:24 +0000"
    },
    "done": true
  },
  "DataVersion": 2586
}